{
  "defaultSeverity": "warning",
  "extends": [ "tslint:recommended" ],
  "rules": {
    "arrow-parens": [ true, "ban-single-arg-parens" ],
    "forin": false,
    "interface-name": [ true, "never-prefix" ],
    "member-access": false,
    "member-ordering": false,
    "no-console": false,
    "no-unused-variable": true,
    "object-literal-sort-keys": false,
    "one-line": [ true, "check-open-brack", "check-whitespace" ],
    "quotemark": [ true, "single", "jsx-double", "avoid-escape" ],
    "trailing-comma": [ true, {
      "multiline": {
        "objects": "always",
        "arrays": "always",
        "typeLiterals": "always",
        "imports": "always",
        "exports": "always",
        "functions": "never"
      },
      "singleline": "never"
    } ]
  }
}
